NULL,0x0000,False
CR,0x000D,False
space,0x0020,False
nbspace,0x00A0,False
enspace,0x2002,False
emspace,0x2003,False
thinspace,0x2009,False
thinnbspace,0x202F,False
A,0x0041,True
B,0x0042,True
C,0x0043,True
D,0x0044,True
E,0x0045,True
F,0x0046,True
G,0x0047,True
H,0x0048,True
I,0x0049,True
J,0x004A,True
K,0x004B,True
L,0x004C,True
M,0x004D,True
N,0x004E,True
O,0x004F,True
P,0x0050,True
Q,0x0051,True
R,0x0052,True
S,0x0053,True
T,0x0054,True
U,0x0055,True
V,0x0056,True
W,0x0057,True
X,0x0058,True
Y,0x0059,True
Z,0x005A,True
a,0x0061,True
b,0x0062,True
c,0x0063,True
d,0x0064,True
e,0x0065,True
f,0x0066,True
g,0x0067,True
h,0x0068,True
i,0x0069,True
j,0x006A,True
k,0x006B,True
l,0x006C,True
m,0x006D,True
n,0x006E,True
o,0x006F,True
p,0x0070,True
q,0x0071,True
r,0x0072,True
s,0x0073,True
t,0x0074,True
u,0x0075,True
v,0x0076,True
w,0x0077,True
x,0x0078,True
y,0x0079,True
z,0x007A,True
quotesingle,0x0027,True
quotedbl,0x0022,True
numbersign,0x0023,True
ampersand,0x0026,True
asterisk,0x002A,True
comma,0x002C,True
hyphen,0x002D,True
hyphentwo,0x2010,False
softhyphen,0x00AD,False
nonbreakinghyphen,0x2011,False
period,0x002E,True
colon,0x003A,True
semicolon,0x003B,True
question,0x003F,True
reversedcomma,0x2E41,True
reversedsemicolon,0x204F,True
exclam,0x0021,True
questiondown,0x00BF,True
questiondown.case,,False
exclamdown,0x00A1,True
exclamdown.case,,False
at,0x0040,True
at.case,,False
parenleft,0x0028,True
parenright,0x0029,True
bracketleft,0x005B,True
bracketright,0x005D,True
braceleft,0x007B,True
braceright,0x007D,True
angledbracketleft,0x3008,True
angledbracketright,0x3009,True
leftFacingEternity,0x058E,True
rightFacingEternity,0x058D,True
backslash,0x005C,True
slash,0x002F,True
brokenbar,0x00A6,True
bar,0x007C,True
asciicircum,0x005E,True
underscore,0x005F,True
asciitilde,0x007E,True
section,0x00A7,True
copyright,0x00A9,True
registered,0x00AE,True
trademark,0x2122,True
ordfeminine,0x00AA,True
ordmasculine,0x00BA,True
guilsinglleft,0x2039,True
guilsinglright,0x203A,True
guillemetleft,0x00AB,True
guillemetright,0x00BB,True
quoteleft,0x2018,True
quoteright,0x2019,True
quotesinglbase,0x201A,False
quotedblleft,0x201C,True
quotedblright,0x201D,True
quotedblbase,0x201E,True
dagger,0x2020,True
daggerdbl,0x2021,True
ellipsis,0x2026,True
paragraph,0x00B6,True
periodcentered,0x00B7,True
endash,0x2013,True
emdash,0x2014,True
hyphen.case,,False
colon.case,,False
endash.case,,False
emdash.case,,False
guilsinglleft.case,,False
guilsinglright.case,,False
guillemetleft.case,,False
guillemetright.case,,False
circumflex,0x02C6,False
caron,0x02C7,False
macron,0x00AF,False
firsttonechinese,0x02C9,False
secondtonechinese,0x02CA,False
fourthtonechinese,0x02CB,False
breve,0x02D8,False
dieresis,0x00A8,False
acute,0x00B4,False
grave,0x0060,False
cedilla,0x00B8,False
dotaccent,0x02D9,False
ring,0x02DA,False
ogonek,0x02DB,False
tilde,0x02DC,False
hungarumlaut,0x02DD,False
dblgrave,,False
circumflexcomb,0x0302,False
circumflexcomb.case,,False
caroncomb,0x030C,False
caroncomb.case,,False
caroncomb.calt,,False
macroncomb,0x0304,False
macronbelowcomb,0x0331,False
brevecomb,0x0306,False
brevecomb.case,,False
brevebelowcomb,0x032E,False
brevebelowcomb.case,,False
dieresiscomb,0x0308,False
dieresisbelow,0x0324,False
acutecomb,0x0301,False
acutecomb.case,,False
gravecomb,0x0300,False
gravecomb.case,,False
cedillacomb,0x0327,False
dotaccentcomb,0x0307,False
ringcomb,0x030A,False
ogonekcomb,0x0328,False
tildecomb,0x0303,False
hungarumlautcomb,0x030B,False
dblgravecomb,0x030F,False
commaaccentcomb,0x0326,False
commaturnedabovecomb,0x0312,False
commaabovecomb,0x0313,False
apostrophemodifier,0x02BC,True
dotbelowcomb,0x0323,False
hookabovecomb,0x0309,False
horncomb,0x031B,False
barcomb,0x0335,False
brevecomb_acutecomb,,False
brevecomb_acutecomb.case,,False
brevecomb_gravecomb,,False
brevecomb_gravecomb.case,,False
brevecomb_hookabovecomb,,False
brevecomb_hookabovecomb.case,,False
brevecomb_tildecomb,,False
brevecomb_tildecomb.case,,False
breveinvertedcomb,0x0311,False
breveinvertedcomb.case,,False
circumflexcomb_acutecomb,,False
circumflexcomb_tildecomb.case,,False
circumflexcomb_gravecomb,,False
circumflexcomb_gravecomb.case,,False
circumflexcomb_hookabovecomb,,False
circumflexcomb_hookabovecomb.case,,False
circumflexcomb_tildecomb,,False
circumflexcomb_acutecomb.case,,False
tildecomb.narrow,,False
primemod,0x02B9,False
dblprimemod,0x02BA,False
Agrave,0x00C0,True
Aacute,0x00C1,True
Acircumflex,0x00C2,True
Atilde,0x00C3,True
Amacron,0x0100,True
Abreve,0x0102,True
Adieresis,0x00C4,True
Aring,0x00C5,True
Aogonek,0x0104,True
Aringacute,0x01FA,True
Abreveacute,0x1EAE,True
Abrevedotbelow,0x1EB6,True
Abrevegrave,0x1EB0,True
Abrevehookabove,0x1EB2,True
Abrevetilde,0x1EB4,True
Acircumflexacute,0x1EA4,True
Acircumflexdotbelow,0x1EAC,True
Acircumflexgrave,0x1EA6,True
Acircumflexhookabove,0x1EA8,True
Acircumflextilde,0x1EAA,True
Ahookabove,0x1EA2,True
Adotbelow,0x1EA0,True
AE,0x00C6,True
AEacute,0x01FC,True
Cacute,0x0106,True
Ccircumflex,0x0108,True
Cdotaccent,0x010A,True
Ccaron,0x010C,True
Ccedilla,0x00C7,True
Dcaron,0x010E,True
Dcroat,0x0110,False
Eth,0x00D0,True
Egrave,0x00C8,True
Eacute,0x00C9,True
Ecircumflex,0x00CA,True
Emacron,0x0112,True
Ebreve,0x0114,True
Edotaccent,0x0116,True
Edieresis,0x00CB,True
Ecaron,0x011A,True
Eogonek,0x0118,True
Ecircumflexacute,0x1EBE,True
Ecircumflexdotbelow,0x1EC6,True
Ecircumflexgrave,0x1EC0,True
Ecircumflexhookabove,0x1EC2,True
Ecircumflextilde,0x1EC4,True
Ehookabove,0x1EBA,True
Etilde,0x1EBC,True
Edotbelow,0x1EB8,True
Gcircumflex,0x011C,True
Gbreve,0x011E,True
Gdotaccent,0x0120,True
Gcommaaccent,0x0122,True
Hcircumflex,0x0124,True
Hbar,0x0126,True
Igrave,0x00CC,True
Iacute,0x00CD,True
Icircumflex,0x00CE,True
Itilde,0x0128,True
Imacron,0x012A,True
Ibreve,0x012C,True
Idotaccent,0x0130,True
Idieresis,0x00CF,True
Iogonek,0x012E,True
Ihookabove,0x1EC8,True
Idotbelow,0x1ECA,True
IJ,0x0132,True
Iacute_J.NLD,,True
Jacute,0xFC001,True
Jcircumflex,0x0134,True
Kcommaaccent,0x0136,True
Lacute,0x0139,True
Lcommaaccent,0x013B,True
Lcaron,0x013D,True
Ldot,0x013F,True
Lslash,0x0141,True
Nacute,0x0143,True
Ntilde,0x00D1,True
Ncaron,0x0147,True
Eng,0x014A,True
Ncommaaccent,0x0145,True
Ograve,0x00D2,True
Oacute,0x00D3,True
Ocircumflex,0x00D4,True
Otilde,0x00D5,True
Omacron,0x014C,True
Obreve,0x014E,True
Odieresis,0x00D6,True
Ohungarumlaut,0x0150,True
Oslash,0x00D8,True
Oslashacute,0x01FE,True
Ocircumflexacute,0x1ED0,True
Ocircumflexdotbelow,0x1ED8,True
Ocircumflexgrave,0x1ED2,True
Ocircumflexhookabove,0x1ED4,True
Ocircumflextilde,0x1ED6,True
Ohookabove,0x1ECE,True
Ohorn,0x01A0,True
Ohornacute,0x1EDA,True
Ohorndotbelow,0x1EE2,True
Ohorngrave,0x1EDC,True
Ohornhookabove,0x1EDE,True
Ohorntilde,0x1EE0,True
Odotbelow,0x1ECC,True
OE,0x0152,True
Racute,0x0154,True
Rcaron,0x0158,True
Rcommaaccent,0x0156,True
Sacute,0x015A,True
Scircumflex,0x015C,True
Scaron,0x0160,True
Scommaaccent,0x0218,True
Scedilla,0x015E,True
Germandbls,0x1E9E,True
Tcaron,0x0164,True
Tcommaaccent,0x021A,True
Tcedilla,0x0162,True
Tbar,0x0166,True
Ugrave,0x00D9,True
Uacute,0x00DA,True
Ucircumflex,0x00DB,True
Utilde,0x0168,True
Umacron,0x016A,True
Ubreve,0x016C,True
Udieresis,0x00DC,True
Uring,0x016E,True
Uhungarumlaut,0x0170,True
Uogonek,0x0172,True
Uhookabove,0x1EE6,True
Uhorn,0x01AF,True
Uhornacute,0x1EE8,True
Uhorndotbelow,0x1EF0,True
Uhorngrave,0x1EEA,True
Uhornhookabove,0x1EEC,True
Uhorntilde,0x1EEE,True
Udotbelow,0x1EE4,True
Wgrave,0x1E80,True
Wacute,0x1E82,True
Wcircumflex,0x0174,True
Wdieresis,0x1E84,True
Ygrave,0x1EF2,True
Yacute,0x00DD,True
Ycircumflex,0x0176,True
Ydieresis,0x0178,True
Yhookabove,0x1EF6,True
Ydotbelow,0x1EF4,True
Ytilde,0x1EF8,True
Zacute,0x0179,True
Zdotaccent,0x017B,True
Zcaron,0x017D,True
Thorn,0x00DE,True
Schwa,0x018F,True
Abreveinverted,0x0202,True
Adblgrave,0x0200,True
Ebreveinverted,0x0206,True
Edblgrave,0x0204,True
Gcaron,0x01E6,True
Ibreveinverted,0x020A,True
Idblgrave,0x0208,True
Obreveinverted,0x020E,True
Odblgrave,0x020C,True
Odieresismacron,0x022A,True
Odotaccentmacron,0x0230,True
Oogonek,0x01EA,True
Otildemacron,0x022C,True
Rbreveinverted,0x0212,True
Rdblgrave,0x0210,True
Ubreveinverted,0x0216,True
Udblgrave,0x0214,True
Ymacron,0x0232,True
agrave,0x00E0,True
aacute,0x00E1,True
acircumflex,0x00E2,True
atilde,0x00E3,True
amacron,0x0101,True
abreve,0x0103,True
adieresis,0x00E4,True
aring,0x00E5,True
aogonek,0x0105,True
aringacute,0x01FB,True
abreveacute,0x1EAF,True
abrevedotbelow,0x1EB7,True
abrevegrave,0x1EB1,True
abrevehookabove,0x1EB3,True
abrevetilde,0x1EB5,True
acircumflexacute,0x1EA5,True
acircumflexdotbelow,0x1EAD,True
acircumflexgrave,0x1EA7,True
acircumflexhookabove,0x1EA9,True
acircumflextilde,0x1EAB,True
ahookabove,0x1EA3,True
adotbelow,0x1EA1,True
ae,0x00E6,True
aeacute,0x01FD,True
cacute,0x0107,True
ccircumflex,0x0109,True
cdotaccent,0x010B,True
ccaron,0x010D,True
ccedilla,0x00E7,True
dcaron,0x010F,True
dcroat,0x0111,True
eth,0x00F0,True
egrave,0x00E8,True
eacute,0x00E9,True
ecircumflex,0x00EA,True
emacron,0x0113,True
ebreve,0x0115,True
edotaccent,0x0117,True
edieresis,0x00EB,True
ecaron,0x011B,True
eogonek,0x0119,True
ecircumflexacute,0x1EBF,True
ecircumflexdotbelow,0x1EC7,True
ecircumflexgrave,0x1EC1,True
ecircumflexhookabove,0x1EC3,True
ecircumflextilde,0x1EC5,True
ehookabove,0x1EBB,True
etilde,0x1EBD,True
edotbelow,0x1EB9,True
gcircumflex,0x011D,True
gbreve,0x011F,True
gdotaccent,0x0121,True
gcommaaccent,0x0123,True
hcircumflex,0x0125,True
hbar,0x0127,True
igrave,0x00EC,True
iacute,0x00ED,True
icircumflex,0x00EE,True
itilde,0x0129,True
imacron,0x012B,True
ibreve,0x012D,True
idotless,0x0131,True
idieresis,0x00EF,True
iogonek,0x012F,True
ihookabove,0x1EC9,True
idotbelow,0x1ECB,True
ij,0x0133,True
iacute_j.NLD,,True
jacute,0xFC000,True
jcircumflex,0x0135,True
jdotless,0x0237,True
kcommaaccent,0x0137,True
kgreenlandic,0x0138,True
lacute,0x013A,True
lcommaaccent,0x013C,True
lcaron,0x013E,True
ldot,0x0140,True
lslash,0x0142,True
nacute,0x0144,True
ntilde,0x00F1,True
ncaron,0x0148,True
eng,0x014B,True
ncommaaccent,0x0146,True
napostrophe,0x0149,True
ograve,0x00F2,True
oacute,0x00F3,True
ocircumflex,0x00F4,True
otilde,0x00F5,True
omacron,0x014D,True
obreve,0x014F,True
odieresis,0x00F6,True
ohungarumlaut,0x0151,True
oslash,0x00F8,True
oslashacute,0x01FF,True
ocircumflexacute,0x1ED1,True
ocircumflexdotbelow,0x1ED9,True
ocircumflexgrave,0x1ED3,True
ocircumflexhookabove,0x1ED5,True
ocircumflextilde,0x1ED7,True
ohookabove,0x1ECF,True
ohorn,0x01A1,True
ohornacute,0x1EDB,True
ohorndotbelow,0x1EE3,True
ohorngrave,0x1EDD,True
ohornhookabove,0x1EDF,True
ohorntilde,0x1EE1,True
odotbelow,0x1ECD,True
oe,0x0153,True
racute,0x0155,True
rcaron,0x0159,True
rcommaaccent,0x0157,True
sacute,0x015B,True
scircumflex,0x015D,True
scaron,0x0161,True
scommaaccent,0x0219,True
scedilla,0x015F,True
germandbls,0x00DF,True
tcaron,0x0165,True
tcommaaccent,0x021B,True
tcedilla,0x0163,True
tbar,0x0167,True
ugrave,0x00F9,True
uacute,0x00FA,True
ucircumflex,0x00FB,True
utilde,0x0169,True
umacron,0x016B,True
ubreve,0x016D,True
udieresis,0x00FC,True
uring,0x016F,True
uhungarumlaut,0x0171,True
uogonek,0x0173,True
uhookabove,0x1EE7,True
uhorn,0x01B0,True
uhornacute,0x1EE9,True
uhorndotbelow,0x1EF1,True
uhorngrave,0x1EEB,True
uhornhookabove,0x1EED,True
uhorntilde,0x1EEF,True
udotbelow,0x1EE5,True
wgrave,0x1E81,True
wacute,0x1E83,True
wcircumflex,0x0175,True
wdieresis,0x1E85,True
ygrave,0x1EF3,True
yacute,0x00FD,True
ycircumflex,0x0177,True
ydieresis,0x00FF,True
yhookabove,0x1EF7,True
ytilde,0x1EF9,True
ydotbelow,0x1EF5,True
zacute,0x017A,True
zdotaccent,0x017C,True
zcaron,0x017E,True
thorn,0x00FE,True
schwa,0x0259,True
abreveinverted,0x0203,True
adblgrave,0x0201,True
ebreveinverted,0x0207,True
edblgrave,0x0205,True
gcaron,0x01E7,True
ibreveinverted,0x020B,True
idblgrave,0x0209,True
obreveinverted,0x020F,True
odblgrave,0x020D,True
odieresismacron,0x022B,True
odotaccentmacron,0x0231,True
oogonek,0x01EB,True
otildemacron,0x022D,True
rbreveinverted,0x0213,True
rdblgrave,0x0211,True
ubreveinverted,0x0217,True
udblgrave,0x0215,True
ymacron,0x0233,True
idieresis_idieresis,,True
zero,0x0030,True
one,0x0031,True
two,0x0032,True
three,0x0033,True
four,0x0034,True
five,0x0035,True
six,0x0036,True
seven,0x0037,True
eight,0x0038,True
nine,0x0039,True
dollar,0x0024,True
euro,0x20AC,True
cent,0x00A2,True
sterling,0x00A3,True
yen,0x00A5,True
dong,0x20AB,True
liraTurkish,0x20BA,True
ruble,0x20BD,True
rupeeIndian,0x20B9,True
cedi,0x20B5,True
colonsign,0x20A1,True
dram,0x058F,True
florin,0x0192,True
franc,0x20A3,True
guarani,0x20B2,True
lira,0x20A4,True
manat,0x20BC,True
naira,0x20A6,True
peseta,0x20A7,True
peso,0x20B1,True
sheqel,0x20AA,True
tenge,0x20B8,True
kip,0x20AD,True
won,0x20A9,True
currency,0x00A4,True
commercialMinusSign,0x2052,True
degree,0x00B0,True
minute,0x2032,True
second,0x2033,True
percent,0x0025,True
perthousand,0x2030,True
fraction,0x2044,True
divisionslash,0x2215,False
plus,0x002B,True
minus,0x2212,True
plusminus,0x00B1,True
divide,0x00F7,True
multiply,0x00D7,True
equal,0x003D,True
approxequal,0x2248,True
notequal,0x2260,True
less,0x003C,True
greater,0x003E,True
lessequal,0x2264,True
greaterequal,0x2265,True
logicalnot,0x00AC,True
bulletoperator,0x2219,True
dotoperator,0x22C5,False
bulletoperator.case,,False
ohm,0x2126,False
product,0x220F,True
summation,0x2211,True
increment,0x2206,False
micro,0x00B5,False
radical,0x221A,True
infinity,0x221E,True
integral,0x222B,True
partialdiff,0x2202,True
lozenge,0x25CA,True
estimated,0x212E,True
literSign,0x2113,True
bullet,0x2022,True
zerosuperior,0x2070,True
onesuperior,0x00B9,True
twosuperior,0x00B2,True
threesuperior,0x00B3,True
foursuperior,0x2074,True
fivesuperior,0x2075,True
sixsuperior,0x2076,True
sevensuperior,0x2077,True
eightsuperior,0x2078,True
ninesuperior,0x2079,True
zeroinferior,0x2080,False
oneinferior,0x2081,False
twoinferior,0x2082,False
threeinferior,0x2083,False
fourinferior,0x2084,False
fiveinferior,0x2085,False
sixinferior,0x2086,False
seveninferior,0x2087,False
eightinferior,0x2088,False
nineinferior,0x2089,False
onehalf,0x00BD,True
onethird,0x2153,True
twothirds,0x2154,True
onequarter,0x00BC,True
threequarters,0x00BE,True
onefifth,0x2155,True
twofifths,0x2156,True
threefifths,0x2157,True
fourfifths,0x2158,True
onesixth,0x2159,True
fivesixths,0x215A,True
oneseventh,0x2150,True
twosevenths,0xF0100,True
threesevenths,0xF0101,True
foursevenths,0xF0102,True
fivesevenths,0xF0103,True
sixsevenths,0xF0104,True
oneeighth,0x215B,True
threeeighths,0x215C,True
fiveeighths,0x215D,True
seveneighths,0x215E,True
oneninth,0x2151,True
twoninths,0xF0105,True
fourninths,0xF0106,True
fiveninths,0xF0107,True
sevenninths,0xF0108,True
eightninths,0xF0109,True
arrowleft,0x2190,True
arrowup,0x2191,True
arrowright,0x2192,True
arrowdown,0x2193,True
arrowbar,,True
idotlessogonek,,True
periodcentered.CAT,,True
periodcentered.CAT.case,,True
DZ,0x01F1,True
Dz,0x01F2,True
dz,0x01F3,True
DZcaron,0x01C4,True
Dzcaron,0x01C5,True
dzcaron,0x01C6,True
LJ,0x01C7,True
Lj,0x01C8,True
lj,0x01C9,True
NJ,0x01CA,True
Nj,0x01CB,True
nj,0x01CC,True
c.A,0x0410,False
c.Be,0x0411,True
c.Ve,0x0412,False
c.Ghe,0x0413,False
c.De,0x0414,True
c.Ie,0x0415,False
c.Zhe,0x0416,True
c.Ze,0x0417,True
c.I,0x0418,True
c.Ishort,0x0419,True
c.Ka,0x041A,False
c.El,0x041B,True
c.Em,0x041C,False
c.En,0x041D,False
c.O,0x041E,False
c.Pe,0x041F,False
c.Er,0x0420,False
c.Es,0x0421,False
c.Te,0x0422,False
c.U,0x0423,True
c.Ef,0x0424,False
c.Ha,0x0425,False
c.Tse,0x0426,True
c.Che,0x0427,True
c.Sha,0x0428,True
c.Shcha,0x0429,True
c.Hard,0x042A,True
c.Yeru,0x042B,True
c.Soft,0x042C,True
c.E,0x042D,True
c.Yu,0x042E,True
c.Ya,0x042F,True
c.Gje,0x0403,True
c.GheUkr,0x0490,True
c.Dje,0x0402,True
c.IeUkr,0x0404,True
c.Dze,0x0405,False
c.Iegrave,0x0400,True
c.Io,0x0401,True
c.IUkr,0x0406,False
c.Yi,0x0407,True
c.Je,0x0408,False
c.Igrave,0x040D,True
c.Kje,0x040C,True
c.Lje,0x0409,True
c.Nje,0x040A,True
c.Tshe,0x040B,True
c.Ushort,0x040E,True
c.Dzhe,0x040F,True
c.Yat,0x0462,True
c.Fita,0x0472,True
c.Izhitsa,0x0474,True
c.Ghebar,0x0492,True
c.Zhespike,0x0496,True
c.Kaspike,0x049A,True
c.Enspike,0x04A2,True
c.Haspike,0x04B2,True
c.Chespike,0x04B6,True
c.Ustraight,0x04AE,False
c.Ustraightbar,0x04B0,True
c.Shha,0x04BA,True
c.Palochka,0x04C0,False
c.Schwa,0x04D8,False
c.Imacron,0x04E2,True
c.Obar,0x04E8,True
c.Umacron,0x04EE,True
c.Zehook,0x0498,True
c.KaBashkir,0x04A0,True
c.Eshook,0x04AA,True
c.Abreve,0x04D0,True
c.Iebreve,0x04D6,True
c.Udblacute,0x04F2,True
c.Odieresis,0x04E6,True
c.AIe,0x04D4,False
c.Adieresis,0x04D2,True
c.Chedieresis,0x04F4,True
c.Chekhakassian,0x04CB,True
c.Chestroke,0x04B8,True
c.Enghe,0x04A4,True
c.Gedescender,0x04F6,True
c.Ghemiddlehook,0x0494,True
c.Idieresis,0x04E4,True
c.Kastroke,0x049C,True
c.Qa,0x051A,True
c.Udieresis,0x04F0,True
c.We,0x051C,False
c.Yerudieresis,0x04F8,True
c.Yusbig,0x046A,True
c.Zedieresis,0x04DE,True
c.Zhebreve,0x04C1,True
c.Zhedieresis,0x04DC,True
c.De.BGR,,True
c.El.BGR,,False
c.a,0x0430,False
c.be,0x0431,True
c.ve,0x0432,True
c.ghe,0x0433,True
c.de,0x0434,True
c.ie,0x0435,False
c.zhe,0x0436,True
c.ze,0x0437,True
c.i,0x0438,True
c.ishort,0x0439,True
c.ka,0x043A,True
c.el,0x043B,True
c.em,0x043C,True
c.en,0x043D,True
c.o,0x043E,False
c.pe,0x043F,True
c.er,0x0440,False
c.es,0x0441,False
c.te,0x0442,True
c.u,0x0443,False
c.ef,0x0444,True
c.ha,0x0445,False
c.tse,0x0446,True
c.che,0x0447,True
c.sha,0x0448,True
c.shcha,0x0449,True
c.hard,0x044A,True
c.yeru,0x044B,True
c.soft,0x044C,True
c.e,0x044D,True
c.yu,0x044E,True
c.ya,0x044F,True
c.gje,0x0453,True
c.gheUkr,0x0491,True
c.dje,0x0452,True
c.ieUkr,0x0454,True
c.dze,0x0455,False
c.iegrave,0x0450,True
c.io,0x0451,True
c.iUkr,0x0456,False
c.yi,0x0457,True
c.je,0x0458,False
c.igrave,0x045D,True
c.kje,0x045C,True
c.lje,0x0459,True
c.nje,0x045A,True
c.tshe,0x045B,False
c.ushort,0x045E,True
c.dzhe,0x045F,True
c.yat,0x0463,True
c.fita,0x0473,True
c.izhitsa,0x0475,True
c.ghebar,0x0493,True
c.zhespike,0x0497,True
c.kaspike,0x049B,True
c.enspike,0x04A3,True
c.haspike,0x04B3,True
c.chespike,0x04B7,True
c.ustraight,0x04AF,False
c.ustraightbar,0x04B1,True
c.shha,0x04BB,False
c.palochka,0x04CF,False
c.schwa,0x04D9,False
c.imacron,0x04E3,True
c.obar,0x04E9,True
c.umacron,0x04EF,True
c.zehook,0x0499,True
c.kaBashkir,0x04A1,True
c.eshook,0x04AB,True
c.abreve,0x04D1,True
c.iebreve,0x04D7,True
c.udblacute,0x04F3,True
c.odieresis,0x04E7,True
c.aie,0x04D5,False
c.adieresis,0x04D3,True
c.chedieresis,0x04F5,True
c.chekhakassian,0x04CC,True
c.chestroke,0x04B9,True
c.enghe,0x04A5,True
c.gedescender,0x04F7,True
c.ghemiddlehook,0x0495,True
c.idieresis,0x04E5,True
c.kastroke,0x049D,True
c.qa,0x051B,False
c.udieresis,0x04F1,True
c.we,0x051D,False
c.yerudieresis,0x04F9,True
c.yusbig,0x046B,True
c.zedieresis,0x04DF,True
c.zhebreve,0x04C2,True
c.zhedieresis,0x04DD,True
c.be.SRB,,False
c.ve.BGR,,True
c.ghe.BGR,,True
c.de.BGR,,True
c.zhe.BGR,,True
c.ze.BGR,,True
c.i.BGR,,False
c.ishort.BGR,,True
c.igrave.BGR,,True
c.ka.BGR,,True
c.el.BGR,,True
c.pe.BGR,,False
c.te.BGR,,False
c.tse.BGR,,True
c.sha.BGR,,True
c.shcha.BGR,,True
c.yu.BGR,,True
c.hookcomb,,False
numero,0x2116,True
hryvnia,0x20B4,True
Alpha,0x0391,True
Beta,0x0392,False
Gamma,0x0393,True
Delta,0x0394,True
Epsilon,0x0395,True
Zeta,0x0396,False
Eta,0x0397,True
Theta,0x0398,True
Iota,0x0399,True
Kappa,0x039A,False
Lambda,0x039B,True
Mu,0x039C,False
Nu,0x039D,False
Xi,0x039E,True
Omicron,0x039F,True
Pi,0x03A0,True
Rho,0x03A1,False
Sigma,0x03A3,True
Tau,0x03A4,False
Upsilon,0x03A5,True
Phi,0x03A6,True
Chi,0x03A7,False
Psi,0x03A8,True
Omega,0x03A9,True
Alphatonos,0x0386,True
Epsilontonos,0x0388,True
Etatonos,0x0389,True
Iotatonos,0x038A,True
Iotadieresis,0x03AA,True
Omicrontonos,0x038C,True
Upsilontonos,0x038E,True
Upsilondieresis,0x03AB,True
Omegatonos,0x038F,True
alpha,0x03B1,True
beta,0x03B2,True
gamma,0x03B3,True
delta,0x03B4,True
epsilon,0x03B5,True
zeta,0x03B6,True
eta,0x03B7,True
theta,0x03B8,True
iota,0x03B9,True
kappa,0x03BA,True
lambda,0x03BB,True
mu,0x03BC,True
nu,0x03BD,True
xi,0x03BE,True
omicron,0x03BF,True
pi,0x03C0,True
rho,0x03C1,True
sigmafinal,0x03C2,True
sigma,0x03C3,True
tau,0x03C4,True
upsilon,0x03C5,True
phi,0x03C6,True
chi,0x03C7,True
psi,0x03C8,True
omega,0x03C9,True
alphatonos,0x03AC,True
epsilontonos,0x03AD,True
etatonos,0x03AE,True
iotatonos,0x03AF,True
iotadieresis,0x03CA,True
iotadieresistonos,0x0390,True
omicrontonos,0x03CC,True
upsilontonos,0x03CD,True
upsilondieresis,0x03CB,True
upsilondieresistonos,0x03B0,True
omegatonos,0x03CE,True
tonos,0x0384,False
tonoscomb,,False
tonoscomb.case,,False
dieresistonos,0x0385,False
dieresistonoscomb,0x0344,False
anoteleia,0x0387,True
questionGreek,0x037E,False
numbersignGreek,0x0374,False
numbersignlowGreek,0x0375,False
KaiSymbol,0x03CF,True
kaiSymbol,0x03D7,True
a.Ayb,0x0531,True
a.Ben,0x0532,True
a.Gim,0x0533,True
a.Da,0x0534,True
a.Ech,0x0535,True
a.Za,0x0536,True
a.Eh,0x0537,True
a.Et,0x0538,True
a.To,0x0539,True
a.Zhe,0x053A,True
a.Ini,0x053B,True
a.Liwn,0x053C,True
a.Xeh,0x053D,True
a.Ca,0x053E,True
a.Ken,0x053F,True
a.Ho,0x0540,True
a.Ja,0x0541,True
a.Ghad,0x0542,True
a.Cheh,0x0543,True
a.Men,0x0544,True
a.Yi,0x0545,True
a.Now,0x0546,True
a.Sha,0x0547,True
a.Vo,0x0548,True
a.Cha,0x0549,True
a.Peh,0x054A,True
a.Jheh,0x054B,True
a.Ra,0x054C,True
a.Seh,0x054D,True
a.Vew,0x054E,True
a.Tiwn,0x054F,True
a.Reh,0x0550,True
a.Co,0x0551,True
a.Yiwn,0x0552,True
a.Piwr,0x0553,True
a.Keh,0x0554,True
a.Oh,0x0555,True
a.Feh,0x0556,True
a.ayb,0x0561,True
a.ben,0x0562,True
a.gim,0x0563,True
a.da,0x0564,True
a.ech,0x0565,True
a.za,0x0566,True
a.eh,0x0567,True
a.et,0x0568,True
a.to,0x0569,True
a.zhe,0x056A,True
a.ini,0x056B,True
a.liwn,0x056C,True
a.xeh,0x056D,True
a.ca,0x056E,True
a.ken,0x056F,True
a.ho,0x0570,True
a.ja,0x0571,True
a.ghad,0x0572,True
a.cheh,0x0573,True
a.men,0x0574,True
a.yi,0x0575,True
a.now,0x0576,True
a.sha,0x0577,True
a.vo,0x0578,True
a.cha,0x0579,True
a.peh,0x057A,True
a.jheh,0x057B,True
a.ra,0x057C,True
a.seh,0x057D,True
a.vew,0x057E,True
a.tiwn,0x057F,True
a.reh,0x0580,True
a.co,0x0581,True
a.yiwn,0x0582,True
a.piwr,0x0583,True
a.keh,0x0584,True
a.oh,0x0585,True
a.feh,0x0586,True
a.ech_a.yiwn,0x0587,True
a.men_a.eh,,True
a.men_a.ken,,True
a.men_a.ech,0xFB14,True
a.men_a.ini,0xFB15,True
a.men_a.now,0xFB13,True
a.men_a.xeh,0xFB17,True
a.emphasis,0x055B,True
a.exclam,0x055C,True
a.comma,0x055D,True
a.question,0x055E,True
a.period,0x0589,False
a.abbreviation,0x055F,True
a.ringhalfleft,0x0559,True
a.hyphen,0x058A,True
a.apostrophe,0x055A,True
arHamza,0x0621,True
arAlifMadda,0x0622,True
arAlifMadda.fina,0xFE82,True
arAlifHamza,0x0623,True
arAlifHamza.fina,0xFE84,True
arWawHamza,0x0624,True
arWawHamza.fina,0xFE86,True
arAlifHamzabelow,0x0625,True
arAlifHamzabelow.fina,0xFE88,True
arYehHamza,0x0626,True
arYehHamza.fina,0xFE8A,True
arYehHamza.init,0xFE8B,True
arYehHamza.medi,0xFE8C,True
arAlif,0x0627,True
arAlif.fina,0xFE8E,True
arBeh,0x0628,True
arBeh.fina,0xFE90,True
arBeh.init,0xFE91,True
arBeh.medi,0xFE92,True
arTehMarbuta,0x0629,True
arTehMarbuta.fina,0xFE94,True
arTeh,0x062A,True
arTeh.fina,0xFE96,True
arTeh.init,0xFE97,True
arTeh.medi,0xFE98,True
arTheh,0x062B,True
arTheh.fina,0xFE9A,True
arTheh.init,0xFE9B,True
arTheh.medi,0xFE9C,True
arJim,0x062C,True
arJim.fina,0xFE9E,True
arJim.init,0xFE9F,True
arJim.medi,0xFEA0,True
arHah,0x062D,True
arHah.fina,0xFEA2,True
arHah.init,0xFEA3,True
arHah.medi,0xFEA4,True
arKhah,0x062E,True
arKhah.fina,0xFEA6,True
arKhah.init,0xFEA7,True
arKhah.medi,0xFEA8,True
arDal,0x062F,True
arDal.fina,0xFEAA,True
arDhal,0x0630,True
arDhal.fina,0xFEAC,True
arReh,0x0631,True
arReh.fina,0xFEAE,True
arZeh,0x0632,True
arZeh.fina,0xFEB0,True
arSin,0x0633,True
arSin.fina,0xFEB2,True
arSin.init,0xFEB3,True
arSin.medi,0xFEB4,True
arShin,0x0634,True
arShin.fina,0xFEB6,True
arShin.init,0xFEB7,True
arShin.medi,0xFEB8,True
arSad,0x0635,True
arSad.fina,0xFEBA,True
arSad.init,0xFEBB,True
arSad.medi,0xFEBC,True
arDad,0x0636,True
arDad.fina,0xFEBE,True
arDad.init,0xFEBF,True
arDad.medi,0xFEC0,True
arTah,0x0637,True
arTah.fina,0xFEC2,True
arTah.init,0xFEC3,False
arTah.medi,0xFEC4,False
arZah,0x0638,True
arZah.fina,0xFEC6,True
arZah.init,0xFEC7,True
arZah.medi,0xFEC8,True
arAyn,0x0639,True
arAyn.fina,0xFECA,True
arAyn.init,0xFECB,True
arAyn.medi,0xFECC,True
arGhayn,0x063A,True
arGhayn.fina,0xFECE,True
arGhayn.init,0xFECF,True
arGhayn.medi,0xFED0,True
arFeh,0x0641,True
arFeh.fina,0xFED2,True
arFeh.init,0xFED3,True
arFeh.medi,0xFED4,True
arQaf,0x0642,True
arQaf.fina,0xFED6,True
arQaf.init,0xFED7,True
arQaf.medi,0xFED8,True
arKaf,0x0643,True
arKaf.fina,0xFEDA,True
arKaf.init,0xFEDB,True
arKaf.medi,0xFEDC,True
arLam,0x0644,True
arLam.fina,0xFEDE,True
arLam.init,0xFEDF,True
arLam.medi,0xFEE0,True
arMim,0x0645,True
arMim.fina,0xFEE2,True
arMim.init,0xFEE3,True
arMim.medi,0xFEE4,True
arNun,0x0646,True
arNun.fina,0xFEE6,True
arNun.init,0xFEE7,True
arNun.medi,0xFEE8,True
arHeh.isol,0xFEE9,False
arHeh,0x0647,True
arHeh.fina,0xFEEA,True
arHeh.init,0xFEEB,False
arHeh.medi,0xFEEC,True
arWaw,0x0648,True
arWaw.fina,0xFEEE,True
arAlifMaksura,0x0649,True
arAlifMaksura.fina,0xFEF0,True
arYeh,0x064A,True
arYeh.fina,0xFEF2,True
arYeh.init,0xFEF3,True
arYeh.medi,0xFEF4,True
arAlifWasla,0x0671,True
arAlifWasla.fina,0xFB51,True
arBehdotless,0x066E,True
arBehdotless.fina,,True
arBehdotless.init,,True
arBehdotless.medi,,True
arTteh,0x0679,True
arTteh.fina,0xFB67,True
arTteh.init,0xFB68,True
arTteh.medi,0xFB69,True
arPeh,0x067E,True
arPeh.fina,0xFB57,True
arPeh.init,0xFB58,True
arPeh.medi,0xFB59,True
arTcheh,0x0686,True
arTcheh.fina,0xFB7B,True
arTcheh.init,0xFB7C,True
arTcheh.medi,0xFB7D,True
arDdal,0x0688,True
arDdal.fina,0xFB89,True
arRreh,0x0691,True
arRreh.fina,0xFB8D,True
arJeh,0x0698,True
arJeh.fina,0xFB8B,True
arFehdotless,0x06A1,True
arFehdotless.fina,,True
arFehdotless.init,,True
arFehdotless.medi,,True
arVeh,0x06A4,True
arVeh.fina,0xFB6B,True
arVeh.init,0xFB6C,True
arVeh.medi,0xFB6D,True
arFehtwodotsbelow,0x0760,True
arFehtwodotsbelow.fina,,True
arFehtwodotsbelow.init,,True
arFehtwodotsbelow.medi,,True
arQafdotless,0x066F,True
arQafdotless.fina,,True
arQafdotless.init,,False
arQafdotless.medi,,False
arKeheh,0x06A9,True
arKeheh.fina,0xFB8F,True
arKeheh.init,0xFB90,True
arKeheh.medi,0xFB91,True
arGaf,0x06AF,True
arGaf.fina,0xFB93,True
arGaf.init,0xFB94,True
arGaf.medi,0xFB95,True
arNunGhunna,0x06BA,True
arNunGhunna.fina,0xFB9F,True
arNunGhunna.medi,,True
arNunGhunna.init,,False
arHehDoachashmi,0x06BE,True
arHehDoachashmi.fina,0xFBAB,True
arHehDoachashmi.init,0xFBAC,True
arHehDoachashmi.medi,0xFBAD,True
arHehGoal,0x06C1,False
arHehGoal.fina,0xFBA7,True
arHehGoal.init,0xFBA8,False
arHehGoal.medi,0xFBA9,False
arHehGoalHamzaabove,0x06C2,True
arHehGoalHamzaabove.fina,,True
arHehGoalHamzaabove.init,,True
arHehGoalHamzaabove.medi,,True
arHehGoal2habove,0x06C3,True
arHehGoal2habove.fina,,True
arHehHamza,0x06C0,True
arHehHamza.fina,0xFBA5,True
arYehFarsi,0x06CC,False
arYehFarsi.fina,0xFBFD,False
arYehFarsi.init,0xFBFE,False
arYehFarsi.medi,0xFBFF,False
arYehBarri,0x06D2,True
arYehBarri.fina,0xFBAF,True
arYehBarriHamzaabove,0x06D3,True
arYehBarriHamzaabove.fina,0xFBB1,True
arLam.init_arAlif.fina,0xFEFB,True
arLam.medi_arAlif.fina,0xFEFC,True
arLam.init_arAlifMadda.fina,0xFEF5,True
arLam.medi_arAlifMadda.fina,0xFEF6,True
arLam.init_arAlifHamza.fina,0xFEF7,True
arLam.medi_arAlifHamza.fina,0xFEF8,True
arLam.init_arAlifHamzabelow.fina,0xFEF9,True
arLam.medi_arAlifHamzabelow.fina,0xFEFA,True
arLam.init_arAlifWasla.fina,,True
arLam.medi_arAlifWasla.fina,,True
arLam.init_arLam.medi_arHeh.fina,,True
arBeh.init_arYehBarri.fina,,True
arBeh.medi_arYehBarri.fina,,True
arPeh.init_arYehBarri.fina,,True
arPeh.medi_arYehBarri.fina,,True
arTeh.init_arYehBarri.fina,,True
arTeh.medi_arYehBarri.fina,,True
arTheh.init_arYehBarri.fina,,True
arTheh.medi_arYehBarri.fina,,True
arTteh.init_arYehBarri.fina,,True
arTteh.medi_arYehBarri.fina,,True
arJim.init_arYehBarri.fina,,True
arJim.medi_arYehBarri.fina,,True
arTcheh.init_arYehBarri.fina,,True
arTcheh.medi_arYehBarri.fina,,True
arHah.init_arYehBarri.fina,,False
arHah.medi_arYehBarri.fina,,False
arKhah.init_arYehBarri.fina,,True
arKhah.medi_arYehBarri.fina,,True
arSin.init_arYehBarri.fina,,True
arSin.medi_arYehBarri.fina,,True
arShin.init_arYehBarri.fina,,True
arShin.medi_arYehBarri.fina,,True
arSad.init_arYehBarri.fina,,True
arSad.medi_arYehBarri.fina,,True
arDad.init_arYehBarri.fina,,True
arDad.medi_arYehBarri.fina,,True
arTah.init_arYehBarri.fina,,True
arTah.medi_arYehBarri.fina,,True
arZah.init_arYehBarri.fina,,True
arZah.medi_arYehBarri.fina,,True
arAyn.init_arYehBarri.fina,,True
arAyn.medi_arYehBarri.fina,,True
arGhayn.init_arYehBarri.fina,,True
arGhayn.medi_arYehBarri.fina,,True
arFeh.init_arYehBarri.fina,,True
arFeh.medi_arYehBarri.fina,,True
arQaf.init_arYehBarri.fina,,True
arQaf.medi_arYehBarri.fina,,True
arKaf.init_arYehBarri.fina,,True
arKaf.medi_arYehBarri.fina,,True
arKeheh.init_arYehBarri.fina,,True
arKeheh.medi_arYehBarri.fina,,True
arGaf.init_arYehBarri.fina,,True
arGaf.medi_arYehBarri.fina,,True
arLam.init_arYehBarri.fina,,True
arLam.medi_arYehBarri.fina,,True
arMim.init_arYehBarri.fina,,True
arMim.medi_arYehBarri.fina,,True
arNun.init_arYehBarri.fina,,True
arNun.medi_arYehBarri.fina,,True
arHehGoal.init_arYehBarri.fina,,True
arHehDoachashmi.init_arYehBarri.fina,,True
arHehDoachashmi.medi_arYehBarri.fina,,True
arYeh.init_arYehBarri.fina,,True
arYeh.medi_arYehBarri.fina,,True
arYehFarsi.init_arYehBarri.fina,,True
arYehFarsi.medi_arYehBarri.fina,,True
arYehHamza.init_arYehBarri.fina,,True
arYehHamza.medi_arYehBarri.fina,,True
arAllah,0xFDF2,True
arAllah.liga,,True
arRial,0xFDFC,True
arKashida,0x0640,True
arAlifabove,0x0670,False
arAlifbelow,0x0656,False
arHamzaabove,0x0654,False
arHamzabelow,0x0655,False
arDamma,0x064F,False
arDammatan,0x064C,False
arFatha,0x064E,False
arFathatan,0x064B,False
arKasra,0x0650,False
arKasratan,0x064D,False
arMadda,0x0653,False
arShadda,0x0651,False
arSukun,0x0652,False
arWasla,0x0610,False
arNasalnun,0x0658,False
arTahabove,0xFBC0,True
arHamzaabove_arDamma,,True
arHamzaabove_arDammatan,,True
arHamzaabove_arFatha,,True
arHamzaabove_arFathatan,,True
arHamzabelow_arKasra,,True
arHamzabelow_arKasratan,,True
arHamzaabove_arSukun,,True
arShadda_arDamma,0xFC61,True
arShadda_arDammatan,0xFC5E,True
arShadda_arFatha,0xFC60,True
arShadda_arFathatan,,True
arShadda_arKasra,0xFC62,True
arShadda_arKasratan,0xFC5F,True
arShadda_arAlifabove,0xFC63,True
arZero,0x0660,True
arOne,0x0661,True
arTwo,0x0662,True
arThree,0x0663,True
arFour,0x0664,True
arFive,0x0665,True
arSix,0x0666,True
arSeven,0x0667,True
arEight,0x0668,True
arNine,0x0669,True
arZeroFarsi,0x06F0,True
arOneFarsi,0x06F1,False
arTwoFarsi,0x06F2,False
arThreeFarsi,0x06F3,False
arFourFarsi,0x06F4,True
arFiveFarsi,0x06F5,True
arSixFarsi,0x06F6,True
arSevenFarsi,0x06F7,False
arEightFarsi,0x06F8,False
arNineFarsi,0x06F9,False
arFourFarsi.URD,,True
arSevenFarsi.URD,,True
period.arab,,True
arComma,0x060C,True
arSemicolon,0x061B,True
arPeriodUrdu,0x06D4,True
arDecimal,0x066B,False
arThousands,0x066C,True
arPercent,0x066A,True
arQuestion,0x061F,True
guillemetleft.arab,,True
guillemetright.arab,,True
guilsinglleft.arab,,True
guilsinglright.arab,,True
arStar,0x066D,True
parenleft.arab,,True
parenright.arab,,True
arParenleftfancy,0xFD3E,True
arParenrightfancy,0xFD3F,True
arDotabove,0xFBB2,False
arTwodotshorizontalabove,0xFBB4,False
arThreedotsupabove,0xFBB6,False
arDotbelow,0xFBB3,False
arTwodotshorizontalbelow,0xFBB5,False
arThreedotsdownbelow,0xFBB9,False
arDotcenter,,False
_part.link,,False
_part.markGaf,,False
_part.arKaf,,False
_part.arThreedotscenter,,False
_part.arDotabove,,False
_part.arDotbelow,,False
_part.arTwodotshorizontalabove,,False
_part.arTwodotshorizontalbelow,,False
_part.arThreedotsdownbelow,,False
_part.arThreedotsupabove,,False
_part.miniKeheh,,False
_part.arBeh.YehBarri.fina,,False
_part.arBeh.YehBarri.medi,,False
_part.arJim.YehBarri.fina,,False
_part.arJim.YehBarri.medi,,False
hbAlef,0x05D0,True
hbBet,0x05D1,True
hbGimel,0x05D2,True
hbDalet,0x05D3,True
hbHe,0x05D4,True
hbVav,0x05D5,True
hbZayin,0x05D6,True
hbHet,0x05D7,True
hbTet,0x05D8,True
hbYod,0x05D9,True
hbKaf,0x05DB,True
hbKafFinal,0x05DA,True
hbLamed,0x05DC,True
hbMemFinal,0x05DD,True
hbMem,0x05DE,True
hbNunFinal,0x05DF,True
hbNun,0x05E0,True
hbSamekh,0x05E1,True
hbAyin,0x05E2,True
hbPe,0x05E4,True
hbPeFinal,0x05E3,True
hbTsadi,0x05E6,True
hbTsadiFinal,0x05E5,True
hbQof,0x05E7,True
hbResh,0x05E8,True
hbShin,0x05E9,True
hbTav,0x05EA,True
hbAlef_hbPatah,0xFB2E,True
hbAlef_hbQamats,0xFB2F,True
hbAlef_hbDagesh,0xFB30,True
hbBet_hbDagesh,0xFB31,True
hbBet_hbRafe,0xFB4C,True
hbGimel_hbDagesh,0xFB32,True
hbDalet_hbDagesh,0xFB33,True
hbHe_hbDagesh,0xFB34,True
hbVav_hbHolam,0xFB4B,True
hbVav_hbDagesh,0xFB35,True
hbZayin_hbDagesh,0xFB36,True
hbTet_hbDagesh,0xFB38,True
hbYod_hbHiriq,0xFB1D,True
hbYod_hbDagesh,0xFB39,True
hbKaf_hbDagesh,0xFB3B,True
hbKaf_hbRafe,0xFB4D,True
hbKafFinal_hbDagesh,0xFB3A,True
hbLamed_hbDagesh,0xFB3C,True
hbMem_hbDagesh,0xFB3E,True
hbNun_hbDagesh,0xFB40,True
hbSamekh_hbDagesh,0xFB41,True
hbPe_hbDagesh,0xFB44,True
hbPe_hbRafe,0xFB4E,True
hbPeFinal_hbDagesh,0xFB43,True
hbTsadi_hbDagesh,0xFB46,True
hbQof_hbDagesh,0xFB47,True
hbResh_hbDagesh,0xFB48,True
hbShin_hbDagesh,0xFB49,True
hbShin_hbShindot,0xFB2A,True
hbShin_hbSindot,0xFB2B,True
hbShin_hbDagesh_hbShindot,0xFB2C,True
hbShin_hbDagesh_hbSindot,0xFB2D,True
hbTav_hbDagesh,0xFB4A,True
hbSheva,0x05B0,False
hbHataf_hbSegol,0x05B1,False
hbHataf_hbPatah,0x05B2,False
hbHataf_hbQamats,0x05B3,False
hbHiriq,0x05B4,False
hbTsere,0x05B5,False
hbSegol,0x05B6,False
hbPatah,0x05B7,False
hbQamats,0x05B8,False
hbQamatsQatan,0x05C7,False
hbHolam,0x05B9,False
hbHolamHaser,0x05BA,False
hbQubuts,0x05BB,False
hbDagesh,0x05BC,False
hbRafe,0x05BF,False
hbShindot,0x05C1,False
hbSindot,0x05C2,False
hbVav_hbVav,0x05F0,True
hbVav_hbYod,0x05F1,True
hbYod_hbYod,0x05F2,True
hbYod_hbYod_hbPatah,0xFB1F,True
hbPeFinal.calt,,True
hbPe.calt,,True
hbPaseq,0x05C0,True
hbGeresh,0x05F3,True
hbGershayim,0x05F4,True
hbMaqaf,0x05BE,True
hbSofPasuq,0x05C3,True
periodcentered.hebr,,True
zerowidthnonjoiner,0x200C,False
zerowidthjoiner,0x200D,False
lefttorightmark,0x200E,False
righttoleftmark,0x200F,False
lefttorightembedding,0x202A,False
righttoleftembedding,0x202B,False
popdirectionalformatting,0x202C,False
lefttorightoverride,0x202D,False
righttoleftoverride,0x202E,False
dottedCircle,0x25CC,True
heartsuitblack,0x2665,True
spadesuitblack,0x2660,True
clubsuitblack,0x2663,True
diamondsuitblack,0x2666,True
cat,0x1F408,True
cat.tall,,True
cat.taller,,True
cat.black,,True
cat.black.tall,,True
cat.black.taller,,True
cat.right,,True
cat.tall.right,,True
cat.taller.right,,True
cat.black.right,,True
cat.black.tall.right,,True
cat.black.taller.right,,True
dog,0x1F415,True
dog.head,,True
dog.body,,True
dog.butt,,True
dog.black,,True
dog.black.head,,True
dog.black.body,,True
dog.black.butt,,True
dog.right,,True
dog.butt.right,,True
dog.body.right,,True
dog.head.right,,True
dog.black.right,,True
dog.black.butt.right,,True
dog.black.body.right,,True
dog.black.head.right,,True
owl,0x1F989,True
owl.flying,,True
owl.black,,True
owl.black.flying,,True
deer,0x1F98C,True
deer.tall,,True
deer.taller,,True
deer.right,,True
deer.tall.right,,True
deer.taller.right,,True
reindeer,,True
reindeer.right,,True
rabbit,0x1F407,True
rabbit.right,,True
wolf,,True
wolf.right,,True
fox,,True
fox.right,,True
star,,True
star.1,,True
snowflake,0x2744,True
snowflake.1,,True
snowflake.2,,True
snowflake.3,,True
snowflake.4,,True
tree,,True
tree.1,,True
tree.2,,True
tree.3,,True
tree.4,,True
snowman,0x2603,True
snowman.1,,True
pica,,True
dick,,True
present,,True
present.1,,True
present.2,,True
pattern,,True
pattern.1,,True
pattern.2,,True
pattern.3,,True
pattern.4,,True
pattern.5,,True
pattern.6,,True
pattern.7,,True
pattern.8,,True
pattern.9,,True
patternbg,,True
patternbg.1,,True
patternbg.2,,True
pattern.space,,False
pixel,,False
pixel.ESHP-0,,False
pixel.ESHP-100,,False
pixel.ESHP-200,,False
pixel.ESHP-211,,False
pixel.ESHP-225,,False
pixel.ESHP-236,,False
pixel.ESHP-250,,False
pixel.ESHP-400,,False
pixel.ESHP-411,,False
pixel.ESHP-425,,False
pixel.ESHP-436,,False
pixel.ESHP-450,,False
pixel.ESHP-461,,False
pixel.ESHP-475,,False
pixel.ESHP-486,,False
pixel.ESHP-500,,False
pixel.ESHP-650,,False
pixel.ESHP-800,,False
pixel.ESHP-950,,False
pixel.ESHP-1100,,False
pixel.ESHP-1300,,False
pixel.ESHP-1400,,False
pixel.ESHP-1411,,False
pixel.ESHP-1425,,False
pixel.ESHP-1436,,False
pixel.ESHP-1450,,False
pixel.ESHP-1500,,False
pixel.ESHP-1600,,False
pixel.wght-100,,False
pixel.wght-400,,False
pixel.wght-900,,False
pixel.EGRD-1,,False
pixel.EGRD-2,,False